--------------------------------------------------------
--  File created - csütörtök-április-24-2025   
--------------------------------------------------------
--------------------------------------------------------
--  DDL for Table APP_USERS
--------------------------------------------------------

  CREATE TABLE "APP_USERS" 
   (	"USER_ID" NUMBER GENERATED ALWAYS AS IDENTITY MINVALUE 1 MAXVALUE 9999999999999999999999999999 INCREMENT BY 1 START WITH 1 CACHE 20 NOORDER  NOCYCLE , 
	"USERNAME" VARCHAR2(50 BYTE), 
	"PWORD" VARCHAR2(255 BYTE), 
	"TYPE_ID" NUMBER
   ) SEGMENT CREATION IMMEDIATE 
  PCTFREE 10 PCTUSED 40 INITRANS 1 MAXTRANS 255 
 NOCOMPRESS LOGGING
  STORAGE(INITIAL 65536 NEXT 1048576 MINEXTENTS 1 MAXEXTENTS 2147483645
  PCTINCREASE 0 FREELISTS 1 FREELIST GROUPS 1
  BUFFER_POOL DEFAULT FLASH_CACHE DEFAULT CELL_FLASH_CACHE DEFAULT)
  TABLESPACE "USERS" ;
--------------------------------------------------------
--  DDL for Table CATEGORIES
--------------------------------------------------------

  CREATE TABLE "CATEGORIES" 
   (	"CATEGORY_ID" NUMBER, 
	"CATEGORY_NAME" VARCHAR2(100 BYTE)
   ) SEGMENT CREATION IMMEDIATE 
  PCTFREE 10 PCTUSED 40 INITRANS 1 MAXTRANS 255 
 NOCOMPRESS LOGGING
  STORAGE(INITIAL 65536 NEXT 1048576 MINEXTENTS 1 MAXEXTENTS 2147483645
  PCTINCREASE 0 FREELISTS 1 FREELIST GROUPS 1
  BUFFER_POOL DEFAULT FLASH_CACHE DEFAULT CELL_FLASH_CACHE DEFAULT)
  TABLESPACE "USERS" ;
--------------------------------------------------------
--  DDL for Table COMMENTS
--------------------------------------------------------

  CREATE TABLE "COMMENTS" 
   (	"COMMENT_ID" NUMBER GENERATED ALWAYS AS IDENTITY MINVALUE 1 MAXVALUE 9999999999999999999999999999 INCREMENT BY 1 START WITH 1 CACHE 20 NOORDER  NOCYCLE , 
	"USER_ID" NUMBER, 
	"VIDEO_ID" NUMBER, 
	"COMMENT_TIME" TIMESTAMP (6), 
	"COMMENT_TEXT" VARCHAR2(255 BYTE)
   ) SEGMENT CREATION IMMEDIATE 
  PCTFREE 10 PCTUSED 40 INITRANS 1 MAXTRANS 255 
 NOCOMPRESS LOGGING
  STORAGE(INITIAL 65536 NEXT 1048576 MINEXTENTS 1 MAXEXTENTS 2147483645
  PCTINCREASE 0 FREELISTS 1 FREELIST GROUPS 1
  BUFFER_POOL DEFAULT FLASH_CACHE DEFAULT CELL_FLASH_CACHE DEFAULT)
  TABLESPACE "USERS" ;
--------------------------------------------------------
--  DDL for Table LIKES
--------------------------------------------------------

  CREATE TABLE "LIKES" 
   (	"USER_ID" NUMBER, 
	"VIDEO_ID" NUMBER, 
	"LIKE_TIME" TIMESTAMP (6)
   ) SEGMENT CREATION IMMEDIATE 
  PCTFREE 10 PCTUSED 40 INITRANS 1 MAXTRANS 255 
 NOCOMPRESS LOGGING
  STORAGE(INITIAL 65536 NEXT 1048576 MINEXTENTS 1 MAXEXTENTS 2147483645
  PCTINCREASE 0 FREELISTS 1 FREELIST GROUPS 1
  BUFFER_POOL DEFAULT FLASH_CACHE DEFAULT CELL_FLASH_CACHE DEFAULT)
  TABLESPACE "USERS" ;
--------------------------------------------------------
--  DDL for Table PLAYLISTS
--------------------------------------------------------

  CREATE TABLE "PLAYLISTS" 
   (	"PLAYLIST_ID" NUMBER GENERATED ALWAYS AS IDENTITY MINVALUE 1 MAXVALUE 9999999999999999999999999999 INCREMENT BY 1 START WITH 1 CACHE 20 NOORDER  NOCYCLE , 
	"USER_ID" NUMBER, 
	"LIST_NAME" VARCHAR2(255 BYTE)
   ) SEGMENT CREATION IMMEDIATE 
  PCTFREE 10 PCTUSED 40 INITRANS 1 MAXTRANS 255 
 NOCOMPRESS LOGGING
  STORAGE(INITIAL 65536 NEXT 1048576 MINEXTENTS 1 MAXEXTENTS 2147483645
  PCTINCREASE 0 FREELISTS 1 FREELIST GROUPS 1
  BUFFER_POOL DEFAULT FLASH_CACHE DEFAULT CELL_FLASH_CACHE DEFAULT)
  TABLESPACE "USERS" ;
--------------------------------------------------------
--  DDL for Table USER_TYPES
--------------------------------------------------------

  CREATE TABLE "USER_TYPES" 
   (	"TYPE_ID" NUMBER, 
	"TYPE_NAME" VARCHAR2(50 BYTE)
   ) SEGMENT CREATION IMMEDIATE 
  PCTFREE 10 PCTUSED 40 INITRANS 1 MAXTRANS 255 
 NOCOMPRESS LOGGING
  STORAGE(INITIAL 65536 NEXT 1048576 MINEXTENTS 1 MAXEXTENTS 2147483645
  PCTINCREASE 0 FREELISTS 1 FREELIST GROUPS 1
  BUFFER_POOL DEFAULT FLASH_CACHE DEFAULT CELL_FLASH_CACHE DEFAULT)
  TABLESPACE "USERS" ;
--------------------------------------------------------
--  DDL for Table VIDEO_PLAYLIST_CON
--------------------------------------------------------

  CREATE TABLE "VIDEO_PLAYLIST_CON" 
   (	"VIDEO_ID" NUMBER, 
	"PLAYLIST_ID" NUMBER
   ) SEGMENT CREATION IMMEDIATE 
  PCTFREE 10 PCTUSED 40 INITRANS 1 MAXTRANS 255 
 NOCOMPRESS LOGGING
  STORAGE(INITIAL 65536 NEXT 1048576 MINEXTENTS 1 MAXEXTENTS 2147483645
  PCTINCREASE 0 FREELISTS 1 FREELIST GROUPS 1
  BUFFER_POOL DEFAULT FLASH_CACHE DEFAULT CELL_FLASH_CACHE DEFAULT)
  TABLESPACE "USERS" ;
--------------------------------------------------------
--  DDL for Table VIDEOS
--------------------------------------------------------

  CREATE TABLE "VIDEOS" 
   (	"VIDEO_ID" NUMBER GENERATED ALWAYS AS IDENTITY MINVALUE 1 MAXVALUE 9999999999999999999999999999 INCREMENT BY 1 START WITH 1 CACHE 20 NOORDER  NOCYCLE , 
	"UPLOADER_USER_ID" NUMBER, 
	"TITLE" VARCHAR2(255 BYTE), 
	"CATEGORY_ID" NUMBER, 
	"UPLOAD_TIME" TIMESTAMP (6), 
	"VIEWS" NUMBER
   ) SEGMENT CREATION IMMEDIATE 
  PCTFREE 10 PCTUSED 40 INITRANS 1 MAXTRANS 255 
 NOCOMPRESS LOGGING
  STORAGE(INITIAL 65536 NEXT 1048576 MINEXTENTS 1 MAXEXTENTS 2147483645
  PCTINCREASE 0 FREELISTS 1 FREELIST GROUPS 1
  BUFFER_POOL DEFAULT FLASH_CACHE DEFAULT CELL_FLASH_CACHE DEFAULT)
  TABLESPACE "USERS" ;
REM INSERTING into APP_USERS
SET DEFINE OFF;
Insert into APP_USERS (USERNAME,PWORD,TYPE_ID) values ('blipblopadmin','$2y$10$fscaccskbIgIsmrAb1Au0.V8Nmti6E8tXnM.SgB4eSpJ2KNYk/zt2','0');
Insert into APP_USERS (USERNAME,PWORD,TYPE_ID) values ('EstiHirado','$2y$10$K6hU.LFelUyuv9Cov05BdOh/QpKNk8YgHzOi.x4kd.q/GSjjkZTQq','1');
Insert into APP_USERS (USERNAME,PWORD,TYPE_ID) values ('GameGuru','$2y$10$fgoYAVUaM9HWaZaezOggy.dGxC5cpZXfuP6QWeluAuWIbrUktt/HK','1');
Insert into APP_USERS (USERNAME,PWORD,TYPE_ID) values ('EpicPlayer','$2y$10$RGWXC6bjr7C60waZPJMPbODl7bArC2e7OvJvlpYb9bsc1DzSUFfT6','1');
Insert into APP_USERS (USERNAME,PWORD,TYPE_ID) values ('NoobToPro','$2y$10$onKxYkjFcyACMavHui5POOnDJvi7hv0bUsbU56sTXthDKjKUzcWEq','1');
Insert into APP_USERS (USERNAME,PWORD,TYPE_ID) values ('SportTV','$2y$10$aw.9DbYhnhQDnFdSjzYV3.KUy1kUjC5DHXNLBnaZ5wkDcC2hqnSOy','1');
Insert into APP_USERS (USERNAME,PWORD,TYPE_ID) values ('GoalZone','$2y$10$.zutDtjYF7OCPwJajlNRyuK5PiOlgPXZZwPyFw91LKcOGHF4NKF/G','1');
Insert into APP_USERS (USERNAME,PWORD,TYPE_ID) values ('TechTalk','$2y$10$zvxB0jofBFN4BZ36R8gYMOkkioSEQGcJpwzsrTwhYRapiA4r91zuq','1');
Insert into APP_USERS (USERNAME,PWORD,TYPE_ID) values ('FutureTech','$2y$10$dW2kIpwCQpNP2dUx8zFqxuxl4CRugE5zqTG.4P.FFzucolEYCv4zq','1');
Insert into APP_USERS (USERNAME,PWORD,TYPE_ID) values ('PCWorld','$2y$10$ED0PZKVj4IJplbkBvqyi8uJXwwpWXe5t0S6gLwvIaBbYwGaxEBsXK','1');
Insert into APP_USERS (USERNAME,PWORD,TYPE_ID) values ('PodZone','$2y$10$jzYLBFAZDQKWoRCpo88fYehdY20u6abGIKEAWAQFvOwtrTOZGT8OC','1');
Insert into APP_USERS (USERNAME,PWORD,TYPE_ID) values ('BizCast','$2y$10$hsEfQ0QkclpK/o6W63yGpukN3D4kgLAnQHfnl1xqCKlcE0Cd7bYmK','1');
Insert into APP_USERS (USERNAME,PWORD,TYPE_ID) values ('teszter','$2y$10$W/9kasJohx.EqDw6C9JKY.H0Zftd/fC1abG86pSMONFVNV9wxxeji','1');
Insert into APP_USERS (USERNAME,PWORD,TYPE_ID) values ('teszter3','$2y$10$QcMe58Nl.rSLlNLsRlq0r.Z5fz1xAS6RHGwn9uEx9/y/TQiG8qfkq','1');
Insert into APP_USERS (USERNAME,PWORD,TYPE_ID) values ('teszter2','$2y$10$wFDWBi9/22MYT8grQxT/Nu6TwbLV0F3QupVaD8RiTLmCwiXg/LVt2','1');
Insert into APP_USERS (USERNAME,PWORD,TYPE_ID) values ('HirTV','$2y$10$RMtOezyoFDJUsYJxPsVv0.9cHX0fXiSc71JoQWjPWKdr.wbT7H1vK','1');
REM INSERTING into CATEGORIES
SET DEFINE OFF;
Insert into CATEGORIES (CATEGORY_ID,CATEGORY_NAME) values ('1','Hírek');
Insert into CATEGORIES (CATEGORY_ID,CATEGORY_NAME) values ('2','Játékok');
Insert into CATEGORIES (CATEGORY_ID,CATEGORY_NAME) values ('5','Podcastok');
Insert into CATEGORIES (CATEGORY_ID,CATEGORY_NAME) values ('3','Sport');
Insert into CATEGORIES (CATEGORY_ID,CATEGORY_NAME) values ('4','Tech');
REM INSERTING into COMMENTS
SET DEFINE OFF;
Insert into COMMENTS (USER_ID,VIDEO_ID,COMMENT_TIME,COMMENT_TEXT) values ('3','1',to_timestamp('25-ÁPR.  -24 18.50.55,880101000','RR-MON-DD HH24.MI.SSXFF'),'nagyon jó');
Insert into COMMENTS (USER_ID,VIDEO_ID,COMMENT_TIME,COMMENT_TEXT) values ('6','4',to_timestamp('25-ÁPR.  -24 19.45.03,221639000','RR-MON-DD HH24.MI.SSXFF'),'wow');
Insert into COMMENTS (USER_ID,VIDEO_ID,COMMENT_TIME,COMMENT_TEXT) values ('14','3',to_timestamp('25-ÁPR.  -24 17.53.51,660884000','RR-MON-DD HH24.MI.SSXFF'),'Nagyon jo lett!');
Insert into COMMENTS (USER_ID,VIDEO_ID,COMMENT_TIME,COMMENT_TEXT) values ('11','5',to_timestamp('25-ÁPR.  -24 17.54.57,481487000','RR-MON-DD HH24.MI.SSXFF'),'lol');
Insert into COMMENTS (USER_ID,VIDEO_ID,COMMENT_TIME,COMMENT_TEXT) values ('6','9',to_timestamp('25-ÁPR.  -24 17.55.51,813071000','RR-MON-DD HH24.MI.SSXFF'),'példakép');
Insert into COMMENTS (USER_ID,VIDEO_ID,COMMENT_TIME,COMMENT_TEXT) values ('10','9',to_timestamp('25-ÁPR.  -24 17.56.07,402072000','RR-MON-DD HH24.MI.SSXFF'),':OO');
Insert into COMMENTS (USER_ID,VIDEO_ID,COMMENT_TIME,COMMENT_TEXT) values ('7','5',to_timestamp('25-ÁPR.  -24 18.33.42,629906000','RR-MON-DD HH24.MI.SSXFF'),'szep!');
Insert into COMMENTS (USER_ID,VIDEO_ID,COMMENT_TIME,COMMENT_TEXT) values ('8','7',to_timestamp('25-ÁPR.  -24 18.37.47,024683000','RR-MON-DD HH24.MI.SSXFF'),'meg mindig nagyon jo');
Insert into COMMENTS (USER_ID,VIDEO_ID,COMMENT_TIME,COMMENT_TEXT) values ('8','3',to_timestamp('25-ÁPR.  -24 18.41.36,011797000','RR-MON-DD HH24.MI.SSXFF'),'érdekes!');
REM INSERTING into LIKES
SET DEFINE OFF;
Insert into LIKES (USER_ID,VIDEO_ID,LIKE_TIME) values ('3','1',to_timestamp('25-ÁPR.  -24 18.50.55,880101000','RR-MON-DD HH24.MI.SSXFF'));
Insert into LIKES (USER_ID,VIDEO_ID,LIKE_TIME) values ('6','4',to_timestamp('25-ÁPR.  -24 19.45.03,221639000','RR-MON-DD HH24.MI.SSXFF'));
Insert into LIKES (USER_ID,VIDEO_ID,LIKE_TIME) values ('14','3',to_timestamp('25-ÁPR.  -24 17.53.51,660884000','RR-MON-DD HH24.MI.SSXFF'));
Insert into LIKES (USER_ID,VIDEO_ID,LIKE_TIME) values ('11','5',to_timestamp('25-ÁPR.  -24 17.54.57,481487000','RR-MON-DD HH24.MI.SSXFF'));
Insert into LIKES (USER_ID,VIDEO_ID,LIKE_TIME) values ('6','9',to_timestamp('25-ÁPR.  -24 17.55.51,813071000','RR-MON-DD HH24.MI.SSXFF'));
Insert into LIKES (USER_ID,VIDEO_ID,LIKE_TIME) values ('10','9',to_timestamp('25-ÁPR.  -24 17.56.07,402072000','RR-MON-DD HH24.MI.SSXFF'));
Insert into LIKES (USER_ID,VIDEO_ID,LIKE_TIME) values ('7','5',to_timestamp('25-ÁPR.  -24 18.33.42,629906000','RR-MON-DD HH24.MI.SSXFF'));
Insert into LIKES (USER_ID,VIDEO_ID,LIKE_TIME) values ('8','7',to_timestamp('25-ÁPR.  -24 18.37.47,024683000','RR-MON-DD HH24.MI.SSXFF'));
Insert into LIKES (USER_ID,VIDEO_ID,LIKE_TIME) values ('8','3',to_timestamp('25-ÁPR.  -24 18.41.36,011797000','RR-MON-DD HH24.MI.SSXFF'));
REM INSERTING into PLAYLISTS
SET DEFINE OFF;
Insert into PLAYLISTS (USER_ID,LIST_NAME) values ('3','playlist1');
Insert into PLAYLISTS (USER_ID,LIST_NAME) values ('6','playlist2');
Insert into PLAYLISTS (USER_ID,LIST_NAME) values ('2','playlist3');
Insert into PLAYLISTS (USER_ID,LIST_NAME) values ('5','playlist4');
Insert into PLAYLISTS (USER_ID,LIST_NAME) values ('4','playlist5');
Insert into PLAYLISTS (USER_ID,LIST_NAME) values ('5','playlist6');
Insert into PLAYLISTS (USER_ID,LIST_NAME) values ('11','playlist7');
REM INSERTING into USER_TYPES
SET DEFINE OFF;
Insert into USER_TYPES (TYPE_ID,TYPE_NAME) values ('0','admin');
Insert into USER_TYPES (TYPE_ID,TYPE_NAME) values ('1','normal');
REM INSERTING into VIDEO_PLAYLIST_CON
SET DEFINE OFF;
Insert into VIDEO_PLAYLIST_CON (VIDEO_ID, PLAYLIST_ID) values ('2', '1');
Insert into VIDEO_PLAYLIST_CON (VIDEO_ID, PLAYLIST_ID) values ('5', '1');
Insert into VIDEO_PLAYLIST_CON (VIDEO_ID, PLAYLIST_ID) values ('2', '4');
Insert into VIDEO_PLAYLIST_CON (VIDEO_ID, PLAYLIST_ID) values ('6', '2');
Insert into VIDEO_PLAYLIST_CON (VIDEO_ID, PLAYLIST_ID) values ('3', '3');
Insert into VIDEO_PLAYLIST_CON (VIDEO_ID, PLAYLIST_ID) values ('7', '1');
REM INSERTING into VIDEOS
SET DEFINE OFF;
Insert into VIDEOS (UPLOADER_USER_ID,TITLE,CATEGORY_ID,UPLOAD_TIME,VIEWS) values ('5','Napi hírösszefoglaló – Röviden','1',to_timestamp('25-ÁPR.  -22 16.51.22,493372000','RR-MON-DD HH24.MI.SSXFF'),'1030');
Insert into VIDEOS (UPLOADER_USER_ID,TITLE,CATEGORY_ID,UPLOAD_TIME,VIEWS) values ('6','Politikai vitamûsor – Teljes adás','1',to_timestamp('25-ÁPR.  -22 20.16.31,144253000','RR-MON-DD HH24.MI.SSXFF'),'32000');
Insert into VIDEOS (UPLOADER_USER_ID,TITLE,CATEGORY_ID,UPLOAD_TIME,VIEWS) values ('8','Top 10 indie játék 2025-ben','2',to_timestamp('25-ÁPR.  -22 20.33.28,071598000','RR-MON-DD HH24.MI.SSXFF'),'67900');
Insert into VIDEOS (UPLOADER_USER_ID,TITLE,CATEGORY_ID,UPLOAD_TIME,VIEWS) values ('8','Fortnite új szezon bemutató','2',to_timestamp('25-ÁPR.  -22 20.36.55,651526000','RR-MON-DD HH24.MI.SSXFF'),'105456');
Insert into VIDEOS (UPLOADER_USER_ID,TITLE,CATEGORY_ID,UPLOAD_TIME,VIEWS) values ('4','Hogyan nyerd meg az elsõ ranked meccsed','2',to_timestamp('25-ÁPR.  -22 20.42.49,766695000','RR-MON-DD HH24.MI.SSXFF'),'8468');
Insert into VIDEOS (UPLOADER_USER_ID,TITLE,CATEGORY_ID,UPLOAD_TIME,VIEWS) values ('6','Foci összefoglaló: Barca vs Real','3',to_timestamp('25-ÁPR.  -22 20.43.55,068497000','RR-MON-DD HH24.MI.SSXFF'),'8468');
Insert into VIDEOS (UPLOADER_USER_ID,TITLE,CATEGORY_ID,UPLOAD_TIME,VIEWS) values ('9','TOP 5 gól a héten','3',to_timestamp('25-ÁPR.  -22 20.45.20,213223000','RR-MON-DD HH24.MI.SSXFF'),'25646');
Insert into VIDEOS (UPLOADER_USER_ID,TITLE,CATEGORY_ID,UPLOAD_TIME,VIEWS) values ('14','Az 5 legjobb telefon 2025-ben','4',to_timestamp('25-ÁPR.  -22 20.45.58,714029000','RR-MON-DD HH24.MI.SSXFF'),'102326');
Insert into VIDEOS (UPLOADER_USER_ID,TITLE,CATEGORY_ID,UPLOAD_TIME,VIEWS) values ('11','Mesterséges intelligencia: Mi jön ezután?','4',to_timestamp('25-ÁPR.  -22 20.46.33,456832000','RR-MON-DD HH24.MI.SSXFF'),'74252');
Insert into VIDEOS (UPLOADER_USER_ID,TITLE,CATEGORY_ID,UPLOAD_TIME,VIEWS) values ('13','Laptop ajánló egyetemistáknak','4',to_timestamp('25-ÁPR.  -22 20.46.58,886438000','RR-MON-DD HH24.MI.SSXFF'),'74255');
Insert into VIDEOS (UPLOADER_USER_ID,TITLE,CATEGORY_ID,UPLOAD_TIME,VIEWS) values ('5','TechTalk Podcast – AI jövõje','5',to_timestamp('25-ÁPR.  -22 20.47.49,836297000','RR-MON-DD HH24.MI.SSXFF'),'9263');
Insert into VIDEOS (UPLOADER_USER_ID,TITLE,CATEGORY_ID,UPLOAD_TIME,VIEWS) values ('5','Vállalkozás a nulláról – Siker sztorik','5',to_timestamp('25-ÁPR.  -22 20.48.17,441797000','RR-MON-DD HH24.MI.SSXFF'),'15359');
--------------------------------------------------------
--  DDL for Index PK_USER_VIDEO
--------------------------------------------------------

  CREATE UNIQUE INDEX "PK_USER_VIDEO" ON "LIKES" ("USER_ID", "VIDEO_ID") 
  PCTFREE 10 INITRANS 2 MAXTRANS 255 COMPUTE STATISTICS 
  STORAGE(INITIAL 65536 NEXT 1048576 MINEXTENTS 1 MAXEXTENTS 2147483645
  PCTINCREASE 0 FREELISTS 1 FREELIST GROUPS 1
  BUFFER_POOL DEFAULT FLASH_CACHE DEFAULT CELL_FLASH_CACHE DEFAULT)
  TABLESPACE "USERS" ;
--------------------------------------------------------
--  DDL for Index PK_VIDEO_PLAYLIST
--------------------------------------------------------

  CREATE UNIQUE INDEX "PK_VIDEO_PLAYLIST" ON "VIDEO_PLAYLIST_CON" ("VIDEO_ID", "PLAYLIST_ID") 
  PCTFREE 10 INITRANS 2 MAXTRANS 255 COMPUTE STATISTICS 
  STORAGE(INITIAL 65536 NEXT 1048576 MINEXTENTS 1 MAXEXTENTS 2147483645
  PCTINCREASE 0 FREELISTS 1 FREELIST GROUPS 1
  BUFFER_POOL DEFAULT FLASH_CACHE DEFAULT CELL_FLASH_CACHE DEFAULT)
  TABLESPACE "USERS" ;
--------------------------------------------------------
--  Constraints for Table VIDEO_PLAYLIST_CON
--------------------------------------------------------

  ALTER TABLE "VIDEO_PLAYLIST_CON" ADD CONSTRAINT "PK_VIDEO_PLAYLIST" PRIMARY KEY ("VIDEO_ID", "PLAYLIST_ID")
  USING INDEX PCTFREE 10 INITRANS 2 MAXTRANS 255 COMPUTE STATISTICS 
  STORAGE(INITIAL 65536 NEXT 1048576 MINEXTENTS 1 MAXEXTENTS 2147483645
  PCTINCREASE 0 FREELISTS 1 FREELIST GROUPS 1
  BUFFER_POOL DEFAULT FLASH_CACHE DEFAULT CELL_FLASH_CACHE DEFAULT)
  TABLESPACE "USERS"  ENABLE;
--------------------------------------------------------
--  Constraints for Table USER_TYPES
--------------------------------------------------------

  ALTER TABLE "USER_TYPES" ADD PRIMARY KEY ("TYPE_ID")
  USING INDEX PCTFREE 10 INITRANS 2 MAXTRANS 255 COMPUTE STATISTICS 
  STORAGE(INITIAL 65536 NEXT 1048576 MINEXTENTS 1 MAXEXTENTS 2147483645
  PCTINCREASE 0 FREELISTS 1 FREELIST GROUPS 1
  BUFFER_POOL DEFAULT FLASH_CACHE DEFAULT CELL_FLASH_CACHE DEFAULT)
  TABLESPACE "USERS"  ENABLE;
  ALTER TABLE "USER_TYPES" MODIFY ("TYPE_NAME" NOT NULL ENABLE);
--------------------------------------------------------
--  Constraints for Table VIDEOS
--------------------------------------------------------

  ALTER TABLE "VIDEOS" ADD UNIQUE ("TITLE")
  USING INDEX PCTFREE 10 INITRANS 2 MAXTRANS 255 COMPUTE STATISTICS 
  STORAGE(INITIAL 65536 NEXT 1048576 MINEXTENTS 1 MAXEXTENTS 2147483645
  PCTINCREASE 0 FREELISTS 1 FREELIST GROUPS 1
  BUFFER_POOL DEFAULT FLASH_CACHE DEFAULT CELL_FLASH_CACHE DEFAULT)
  TABLESPACE "USERS"  ENABLE;
  ALTER TABLE "VIDEOS" ADD PRIMARY KEY ("VIDEO_ID")
  USING INDEX PCTFREE 10 INITRANS 2 MAXTRANS 255 COMPUTE STATISTICS 
  STORAGE(INITIAL 65536 NEXT 1048576 MINEXTENTS 1 MAXEXTENTS 2147483645
  PCTINCREASE 0 FREELISTS 1 FREELIST GROUPS 1
  BUFFER_POOL DEFAULT FLASH_CACHE DEFAULT CELL_FLASH_CACHE DEFAULT)
  TABLESPACE "USERS"  ENABLE;
  ALTER TABLE "VIDEOS" MODIFY ("TITLE" NOT NULL ENABLE);
--------------------------------------------------------
--  Constraints for Table APP_USERS
--------------------------------------------------------

  ALTER TABLE "APP_USERS" ADD UNIQUE ("USERNAME")
  USING INDEX PCTFREE 10 INITRANS 2 MAXTRANS 255 COMPUTE STATISTICS 
  STORAGE(INITIAL 65536 NEXT 1048576 MINEXTENTS 1 MAXEXTENTS 2147483645
  PCTINCREASE 0 FREELISTS 1 FREELIST GROUPS 1
  BUFFER_POOL DEFAULT FLASH_CACHE DEFAULT CELL_FLASH_CACHE DEFAULT)
  TABLESPACE "USERS"  ENABLE;
  ALTER TABLE "APP_USERS" ADD PRIMARY KEY ("USER_ID")
  USING INDEX PCTFREE 10 INITRANS 2 MAXTRANS 255 COMPUTE STATISTICS 
  STORAGE(INITIAL 65536 NEXT 1048576 MINEXTENTS 1 MAXEXTENTS 2147483645
  PCTINCREASE 0 FREELISTS 1 FREELIST GROUPS 1
  BUFFER_POOL DEFAULT FLASH_CACHE DEFAULT CELL_FLASH_CACHE DEFAULT)
  TABLESPACE "USERS"  ENABLE;
  ALTER TABLE "APP_USERS" MODIFY ("PWORD" NOT NULL ENABLE);
  ALTER TABLE "APP_USERS" MODIFY ("USERNAME" NOT NULL ENABLE);
--------------------------------------------------------
--  Constraints for Table COMMENTS
--------------------------------------------------------

  ALTER TABLE "COMMENTS" ADD PRIMARY KEY ("COMMENT_ID")
  USING INDEX PCTFREE 10 INITRANS 2 MAXTRANS 255 COMPUTE STATISTICS 
  STORAGE(INITIAL 65536 NEXT 1048576 MINEXTENTS 1 MAXEXTENTS 2147483645
  PCTINCREASE 0 FREELISTS 1 FREELIST GROUPS 1
  BUFFER_POOL DEFAULT FLASH_CACHE DEFAULT CELL_FLASH_CACHE DEFAULT)
  TABLESPACE "USERS"  ENABLE;
--------------------------------------------------------
--  Constraints for Table CATEGORIES
--------------------------------------------------------

  ALTER TABLE "CATEGORIES" ADD UNIQUE ("CATEGORY_NAME")
  USING INDEX PCTFREE 10 INITRANS 2 MAXTRANS 255 COMPUTE STATISTICS 
  STORAGE(INITIAL 65536 NEXT 1048576 MINEXTENTS 1 MAXEXTENTS 2147483645
  PCTINCREASE 0 FREELISTS 1 FREELIST GROUPS 1
  BUFFER_POOL DEFAULT FLASH_CACHE DEFAULT CELL_FLASH_CACHE DEFAULT)
  TABLESPACE "USERS"  ENABLE;
  ALTER TABLE "CATEGORIES" ADD PRIMARY KEY ("CATEGORY_ID")
  USING INDEX PCTFREE 10 INITRANS 2 MAXTRANS 255 COMPUTE STATISTICS 
  STORAGE(INITIAL 65536 NEXT 1048576 MINEXTENTS 1 MAXEXTENTS 2147483645
  PCTINCREASE 0 FREELISTS 1 FREELIST GROUPS 1
  BUFFER_POOL DEFAULT FLASH_CACHE DEFAULT CELL_FLASH_CACHE DEFAULT)
  TABLESPACE "USERS"  ENABLE;
  ALTER TABLE "CATEGORIES" MODIFY ("CATEGORY_NAME" NOT NULL ENABLE);
--------------------------------------------------------
--  Constraints for Table PLAYLISTS
--------------------------------------------------------

  ALTER TABLE "PLAYLISTS" ADD PRIMARY KEY ("PLAYLIST_ID")
  USING INDEX PCTFREE 10 INITRANS 2 MAXTRANS 255 COMPUTE STATISTICS 
  STORAGE(INITIAL 65536 NEXT 1048576 MINEXTENTS 1 MAXEXTENTS 2147483645
  PCTINCREASE 0 FREELISTS 1 FREELIST GROUPS 1
  BUFFER_POOL DEFAULT FLASH_CACHE DEFAULT CELL_FLASH_CACHE DEFAULT)
  TABLESPACE "USERS"  ENABLE;
--------------------------------------------------------
--  Constraints for Table LIKES
--------------------------------------------------------

  ALTER TABLE "LIKES" ADD CONSTRAINT "PK_USER_VIDEO" PRIMARY KEY ("USER_ID", "VIDEO_ID")
  USING INDEX PCTFREE 10 INITRANS 2 MAXTRANS 255 COMPUTE STATISTICS 
  STORAGE(INITIAL 65536 NEXT 1048576 MINEXTENTS 1 MAXEXTENTS 2147483645
  PCTINCREASE 0 FREELISTS 1 FREELIST GROUPS 1
  BUFFER_POOL DEFAULT FLASH_CACHE DEFAULT CELL_FLASH_CACHE DEFAULT)
  TABLESPACE "USERS"  ENABLE;
--------------------------------------------------------
--  Ref Constraints for Table APP_USERS
--------------------------------------------------------

  ALTER TABLE "APP_USERS" ADD CONSTRAINT "FK_USER_TYPE" FOREIGN KEY ("TYPE_ID")
	  REFERENCES "USER_TYPES" ("TYPE_ID") ON DELETE CASCADE ENABLE;
--------------------------------------------------------
--  Ref Constraints for Table COMMENTS
--------------------------------------------------------

  ALTER TABLE "COMMENTS" ADD CONSTRAINT "FK_COMMENTS_USER" FOREIGN KEY ("USER_ID")
	  REFERENCES "APP_USERS" ("USER_ID") ON DELETE CASCADE ENABLE;
  ALTER TABLE "COMMENTS" ADD CONSTRAINT "FK_COMMENTS_VIDEO" FOREIGN KEY ("VIDEO_ID")
	  REFERENCES "VIDEOS" ("VIDEO_ID") ON DELETE CASCADE ENABLE;
--------------------------------------------------------
--  Ref Constraints for Table LIKES
--------------------------------------------------------

  ALTER TABLE "LIKES" ADD CONSTRAINT "FK_LIKES_USER" FOREIGN KEY ("USER_ID")
	  REFERENCES "APP_USERS" ("USER_ID") ON DELETE CASCADE ENABLE;
  ALTER TABLE "LIKES" ADD CONSTRAINT "FK_LIKES_VIDEO" FOREIGN KEY ("VIDEO_ID")
	  REFERENCES "VIDEOS" ("VIDEO_ID") ON DELETE CASCADE ENABLE;
--------------------------------------------------------
--  Ref Constraints for Table PLAYLISTS
--------------------------------------------------------

  ALTER TABLE "PLAYLISTS" ADD CONSTRAINT "FK_PLAYLIST_USER" FOREIGN KEY ("USER_ID")
	  REFERENCES "APP_USERS" ("USER_ID") ON DELETE CASCADE ENABLE;
--------------------------------------------------------
--  Ref Constraints for Table VIDEO_PLAYLIST_CON
--------------------------------------------------------

  ALTER TABLE "VIDEO_PLAYLIST_CON" ADD CONSTRAINT "FK_PLAYLISTCON_PLAYLIST" FOREIGN KEY ("PLAYLIST_ID")
	  REFERENCES "PLAYLISTS" ("PLAYLIST_ID") ON DELETE CASCADE ENABLE;
  ALTER TABLE "VIDEO_PLAYLIST_CON" ADD CONSTRAINT "FK_PLAYLISTCON_VIDEO" FOREIGN KEY ("VIDEO_ID")
	  REFERENCES "VIDEOS" ("VIDEO_ID") ON DELETE CASCADE ENABLE;
--------------------------------------------------------
--  Ref Constraints for Table VIDEOS
--------------------------------------------------------

  ALTER TABLE "VIDEOS" ADD CONSTRAINT "FK_CATEGORY" FOREIGN KEY ("CATEGORY_ID")
	  REFERENCES "CATEGORIES" ("CATEGORY_ID") ON DELETE CASCADE ENABLE;
  ALTER TABLE "VIDEOS" ADD CONSTRAINT "FK_UPLOADER" FOREIGN KEY ("UPLOADER_USER_ID")
	  REFERENCES "APP_USERS" ("USER_ID") ON DELETE CASCADE ENABLE;
